{"cameraMode":{"drawMode":0,"name":"Shaded","section":"Shading Mode"},"sceneLighting":true,"audioPlay":false,"sceneViewState":{"m_AlwaysRefresh":false,"showFog":true,"showSkybox":true,"showFlares":true,"showImageEffects":true,"showParticleSystems":true,"showVisualEffectGraphs":true,"m_FxEnabled":true},"in2DMode":false,"pivot":{"x":-1.2991366386413575,"y":-2.9493250846862795,"z":9.37165355682373},"rotation":{"x":-0.20790015161037446,"y":-0.008502975106239319,"z":0.0017850140575319529,"w":-0.9782299399375916},"size":8.130897521972657,"orthographic":false}